Token;Anzahl;P_r;Rank
the;358;358;1
I;351;351;2
of;350;350;3
my;343;343;4
to;335;335;5
in;287;287;6
thy;252;252;7
and;248;248;8
And;242;242;9
that;239;239;10
d;238;238;11
thou;209;209;12
s;203;203;13
love;176;176;14
with;163;163;15
me;162;162;16
thee;161;161;17
is;158;158;18
not;157;157;19
a;147;147;20
be;132;132;21
all;110;110;22
you;106;106;23
his;104;104;24
for;99;99;25
it;98;98;26
so;98;98;27
this;95;95;28
But;89;89;29
your;87;87;30
That;84;84;31
doth;82;82;32
as;81;81;33
To;80;80;34
do;80;80;35
The;79;79;36
by;78;78;37
but;74;74;38
on;74;74;39
For;73;73;40
have;69;69;41
from;68;68;42
beauty;67;67;43
are;66;66;44
their;62;62;45
no;61;61;46
which;61;61;47
more;59;59;48
heart;58;58;49
When;57;57;50
what;57;57;51
st;54;54;52
eyes;53;53;53
mine;53;53;54
O;52;52;55
sweet;52;52;56
will;52;52;57
art;49;49;58
shall;49;49;59
when;49;49;60
So;47;47;61
Which;47;47;62
her;47;47;63
self;45;45;64
should;44;44;65
time;44;44;66
they;42;42;67
can;41;41;68
fair;41;41;69
or;41;41;70
then;41;41;71
As;40;40;72
eye;40;40;73
thine;40;40;74
still;39;39;75
Or;38;38;76
one;38;38;77
true;38;38;78
hath;37;37;79
he;37;37;80
make;37;37;81
see;37;37;82
In;36;36;83
him;36;36;84
now;36;36;85
than;35;35;86
If;34;34;87
am;34;34;88
if;34;34;89
Then;33;33;90
world;33;33;91
where;31;31;92
yet;31;31;93
My;30;30;94
every;30;30;95
own;30;30;96
she;30;30;97
Thy;29;29;98
day;29;29;99
live;29;29;100
being;28;28;101
like;28;28;102
nor;28;28;103
praise;28;28;104
say;27;27;105
Thou;26;26;106
Time;26;26;107
did;26;26;108
dost;26;26;109
new;26;26;110
such;26;26;111
those;26;26;112
well;26;26;113
may;25;25;114
might;25;25;115
most;25;25;116
was;25;25;117
were;25;25;118
Nor;24;24;119
life;24;24;120
some;24;24;121
best;23;23;122
show;23;23;123
though;23;23;124
give;22;22;125
night;22;22;126
old;22;22;127
truth;22;22;128
upon;22;22;129
How;21;21;130
at;21;21;131
know;21;21;132
must;21;21;133
would;21;21;134
Of;20;20;135
Yet;20;20;136
dear;20;20;137
ill;20;20;138
men;20;20;139
part;20;20;140
worth;20;20;141
Love;19;19;142
alone;19;19;143
better;19;19;144
face;19;19;145
false;19;19;146
heaven;19;19;147
how;19;19;148
myself;19;19;149
summer;19;19;150
No;18;18;151
Who;18;18;152
With;18;18;153
away;18;18;154
hand;18;18;155
nothing;18;18;156
thought;18;18;157
thoughts;18;18;158
A;17;17;159
age;17;17;160
days;17;17;161
look;17;17;162
made;17;17;163
mind;17;17;164
name;17;17;165
sight;17;17;166
them;17;17;167
there;17;17;168
these;17;17;169
too;17;17;170
up;17;17;171
What;16;16;172
an;16;16;173
dead;16;16;174
er;16;16;175
far;16;16;176
friend;16;16;177
hast;16;16;178
hate;16;16;179
let;16;16;180
much;16;16;181
other;16;16;182
our;16;16;183
out;16;16;184
tongue;16;16;185
youth;16;16;186
Since;15;15;187
death;15;15;188
find;15;15;189
good;15;15;190
never;15;15;191
others;15;15;192
seem;15;15;193
verse;15;15;194
By;14;14;195
From;14;14;196
Muse;14;14;197
both;14;14;198
even;14;14;199
had;14;14;200
many;14;14;201
poor;14;14;202
state;14;14;203
tell;14;14;204
things;14;14;205
think;14;14;206
thus;14;14;207
we;14;14;208
Than;13;13;209
Will;13;13;210
black;13;13;211
come;13;13;212
each;13;13;213
first;13;13;214
gentle;13;13;215
hold;13;13;216
lie;13;13;217
looks;13;13;218
o;13;13;219
proud;13;13;220
whose;13;13;221
why;13;13;222
wilt;13;13;223
Is;12;12;224
Why;12;12;225
bear;12;12;226
before;12;12;227
change;12;12;228
earth;12;12;229
ever;12;12;230
hours;12;12;231
lies;12;12;232
long;12;12;233
mayst;12;12;234
none;12;12;235
prove;12;12;236
soul;12;12;237
sun;12;12;238
use;12;12;239
who;12;12;240
woe;12;12;241
They;11;11;242
Where;11;11;243
Whilst;11;11;244
another;11;11;245
bright;11;11;246
call;11;11;247
end;11;11;248
form;11;11;249
full;11;11;250
grace;11;11;251
grow;11;11;252
kind;11;11;253
knows;11;11;254
pleasure;11;11;255
pride;11;11;256
rich;11;11;257
seen;11;11;258
shalt;11;11;259
thing;11;11;260
whom;11;11;261
Against;10;10;262
All;10;10;263
Even;10;10;264
Let;10;10;265
Mine;10;10;266
Not;10;10;267
Now;10;10;268
Shall;10;10;269
This;10;10;270
Though;10;10;271
again;10;10;272
any;10;10;273
decay;10;10;274
deeds;10;10;275
desire;10;10;276
die;10;10;277
fire;10;10;278
found;10;10;279
glass;10;10;280
happy;10;10;281
keep;10;10;282
leave;10;10;283
lov;10;10;284
nature;10;10;285
once;10;10;286
pen;10;10;287
place;10;10;288
right;10;10;289
shame;10;10;290
spirit;10;10;291
store;10;10;292
take;10;10;293
words;10;10;294
write;10;10;295
Be;9;9;296
after;9;9;297
back;9;9;298
cannot;9;9;299
could;9;9;300
gone;9;9;301
great;9;9;302
lives;9;9;303
loss;9;9;304
loving;9;9;305
mistress;9;9;306
power;9;9;307
since;9;9;308
stay;9;9;309
strong;9;9;310
therefore;9;9;311
times;9;9;312
tis;9;9;313
treasure;9;9;314
Like;8;8;315
Therefore;8;8;316
Thus;8;8;317
against;8;8;318
beauteous;8;8;319
blood;8;8;320
body;8;8;321
born;8;8;322
brow;8;8;323
child;8;8;324
cruel;8;8;325
deep;8;8;326
delight;8;8;327
disgrace;8;8;328
faults;8;8;329
fear;8;8;330
flowers;8;8;331
gives;8;8;332
glory;8;8;333
hell;8;8;334
joy;8;8;335
leaves;8;8;336
lines;8;8;337
lose;8;8;338
lovely;8;8;339
loves;8;8;340
memory;8;8;341
sake;8;8;342
shadow;8;8;343
skill;8;8;344
stand;8;8;345
tender;8;8;346
till;8;8;347
two;8;8;348
view;8;8;349
winter;8;8;350
He;7;7;351
Making;7;7;352
Save;7;7;353
Some;7;7;354
Those;7;7;355
Upon;7;7;356
You;7;7;357
bad;7;7;358
behold;7;7;359
blessed;7;7;360
breast;7;7;361
breath;7;7;362
bring;7;7;363
cold;7;7;364
forth;7;7;365
foul;7;7;366
fresh;7;7;367
hear;7;7;368
honour;7;7;369
itself;7;7;370
less;7;7;371
light;7;7;372
lips;7;7;373
living;7;7;374
ll;7;7;375
man;7;7;376
outward;7;7;377
parts;7;7;378
play;7;7;379
present;7;7;380
put;7;7;381
sad;7;7;382
same;7;7;383
set;7;7;384
sin;7;7;385
thence;7;7;386
thyself;7;7;387
very;7;7;388
virtue;7;7;389
war;7;7;390
waste;7;7;391
white;7;7;392
wide;7;7;393
worst;7;7;394
Doth;6;6;395
Hath;6;6;396
Have;6;6;397
It;6;6;398
Lest;6;6;399
Look;6;6;400
Make;6;6;401
Nature;6;6;402
On;6;6;403
Till;6;6;404
Whose;6;6;405
argument;6;6;406
been;6;6;407
blind;6;6;408
canst;6;6;409
care;6;6;410
due;6;6;411
dull;6;6;412
dumb;6;6;413
dwell;6;6;414
enough;6;6;415
excuse;6;6;416
fears;6;6;417
fill;6;6;418
fortune;6;6;419
go;6;6;420
green;6;6;421
grief;6;6;422
having;6;6;423
head;6;6;424
heavy;6;6;425
hope;6;6;426
longer;6;6;427
makes;6;6;428
need;6;6;429
past;6;6;430
pity;6;6;431
precious;6;6;432
read;6;6;433
rest;6;6;434
rose;6;6;435
seeing;6;6;436
shouldst;6;6;437
shows;6;6;438
sick;6;6;439
side;6;6;440
sing;6;6;441
slave;6;6;442
speak;6;6;443
spent;6;6;444
straight;6;6;445
strange;6;6;446
strength;6;6;447
swear;6;6;448
swift;6;6;449
taught;6;6;450
ten;6;6;451
themselves;6;6;452
through;6;6;453
way;6;6;454
wealth;6;6;455
wit;6;6;456
within;6;6;457
woman;6;6;458
writ;6;6;459
wrong;6;6;460
yourself;6;6;461
Ah;5;5;462
Although;5;5;463
At;5;5;464
Death;5;5;465
Give;5;5;466
More;5;5;467
One;5;5;468
Such;5;5;469
Sweet;5;5;470
These;5;5;471
Were;5;5;472
Within;5;5;473
Without;5;5;474
Your;5;5;475
absence;5;5;476
angel;5;5;477
antique;5;5;478
barren;5;5;479
base;5;5;480
birth;5;5;481
boast;5;5;482
book;5;5;483
brain;5;5;484
brand;5;5;485
buried;5;5;486
canker;5;5;487
cheek;5;5;488
chide;5;5;489
compare;5;5;490
cure;5;5;491
date;5;5;492
despite;5;5;493
done;5;5;494
doom;5;5;495
down;5;5;496
else;5;5;497
eternal;5;5;498
express;5;5;499
fairest;5;5;500
faith;5;5;501
fast;5;5;502
fell;5;5;503
flower;5;5;504
gainst;5;5;505
gave;5;5;506
gift;5;5;507
golden;5;5;508
graces;5;5;509
gracious;5;5;510
grew;5;5;511
hence;5;5;512
here;5;5;513
hide;5;5;514
hue;5;5;515
into;5;5;516
invention;5;5;517
judgment;5;5;518
keeps;5;5;519
large;5;5;520
least;5;5;521
left;5;5;522
lend;5;5;523
making;5;5;524
merit;5;5;525
moan;5;5;526
mortal;5;5;527
mother;5;5;528
motion;5;5;529
music;5;5;530
n;5;5;531
near;5;5;532
oft;5;5;533
only;5;5;534
ornament;5;5;535
pain;5;5;536
painted;5;5;537
purpose;5;5;538
quite;5;5;539
rage;5;5;540
rank;5;5;541
reason;5;5;542
remember;5;5;543
return;5;5;544
roses;5;5;545
saw;5;5;546
says;5;5;547
scope;5;5;548
sea;5;5;549
shape;5;5;550
short;5;5;551
slow;5;5;552
sorrow;5;5;553
spend;5;5;554
spite;5;5;555
spring;5;5;556
stars;5;5;557
steal;5;5;558
steel;5;5;559
stol;5;5;560
subject;5;5;561
sweetest;5;5;562
sweets;5;5;563
tears;5;5;564
tied;5;5;565
toil;5;5;566
tomb;5;5;567
took;5;5;568
truly;5;5;569
trust;5;5;570
turn;5;5;571
us;5;5;572
water;5;5;573
whether;5;5;574
wish;5;5;575
worse;5;5;576
wrinkles;5;5;577
year;5;5;578
yours;5;5;579
April;4;4;580
Being;4;4;581
Do;4;4;582
Her;4;4;583
May;4;4;584
Thine;4;4;585
Three;4;4;586
Unless;4;4;587
Was;4;4;588
While;4;4;589
absent;4;4;590
abundance;4;4;591
account;4;4;592
add;4;4;593
air;4;4;594
although;4;4;595
appear;4;4;596
appetite;4;4;597
babe;4;4;598
bath;4;4;599
beauties;4;4;600
behind;4;4;601
believe;4;4;602
blame;4;4;603
bosom;4;4;604
brass;4;4;605
break;4;4;606
buds;4;4;607
burn;4;4;608
calls;4;4;609
catch;4;4;610
character;4;4;611
cheeks;4;4;612
colour;4;4;613
comfort;4;4;614
common;4;4;615
complexion;4;4;616
contented;4;4;617
count;4;4;618
crime;4;4;619
cross;4;4;620
crown;4;4;621
dare;4;4;622
ere;4;4;623
errors;4;4;624
esteem;4;4;625
evil;4;4;626
farther;4;4;627
former;4;4;628
forsworn;4;4;629
frame;4;4;630
free;4;4;631
frown;4;4;632
gain;4;4;633
given;4;4;634
groan;4;4;635
grown;4;4;636
hearts;4;4;637
heat;4;4;638
help;4;4;639
high;4;4;640
holds;4;4;641
holy;4;4;642
hour;4;4;643
husband;4;4;644
image;4;4;645
increase;4;4;646
inward;4;4;647
jewel;4;4;648
kill;4;4;649
knife;4;4;650
lack;4;4;651
lays;4;4;652
lease;4;4;653
leisure;4;4;654
lends;4;4;655
lost;4;4;656
mad;4;4;657
minutes;4;4;658
morrow;4;4;659
ne;4;4;660
needs;4;4;661
number;4;4;662
numbers;4;4;663
over;4;4;664
painting;4;4;665
pass;4;4;666
picture;4;4;667
please;4;4;668
poet;4;4;669
praises;4;4;670
prime;4;4;671
public;4;4;672
rare;4;4;673
red;4;4;674
rehearse;4;4;675
report;4;4;676
respect;4;4;677
rhyme;4;4;678
rude;4;4;679
said;4;4;680
scythe;4;4;681
second;4;4;682
seek;4;4;683
seeming;4;4;684
sense;4;4;685
shade;4;4;686
shine;4;4;687
sinful;4;4;688
single;4;4;689
slander;4;4;690
sleep;4;4;691
smell;4;4;692
sometime;4;4;693
song;4;4;694
sovereign;4;4;695
speaking;4;4;696
stain;4;4;697
story;4;4;698
substance;4;4;699
sum;4;4;700
t;4;4;701
taste;4;4;702
thief;4;4;703
three;4;4;704
told;4;4;705
tongues;4;4;706
touches;4;4;707
turns;4;4;708
under;4;4;709
unused;4;4;710
vow;4;4;711
wherefore;4;4;712
widow;4;4;713
win;4;4;714
without;4;4;715
work;4;4;716
worms;4;4;717
worthy;4;4;718
young;4;4;719
Are;3;3;720
Art;3;3;721
Beauty;3;3;722
Before;3;3;723
Both;3;3;724
Can;3;3;725
Dost;3;3;726
Fair;3;3;727
Fortune;3;3;728
His;3;3;729
Lo;3;3;730
Past;3;3;731
Pity;3;3;732
She;3;3;733
Take;3;3;734
Tis;3;3;735
Whereto;3;3;736
above;3;3;737
abuse;3;3;738
acquaintance;3;3;739
action;3;3;740
almost;3;3;741
alter;3;3;742
amiss;3;3;743
anew;3;3;744
answer;3;3;745
approve;3;3;746
assur;3;3;747
audit;3;3;748
bare;3;3;749
basest;3;3;750
bastard;3;3;751
bears;3;3;752
bed;3;3;753
belov;3;3;754
birds;3;3;755
bloody;3;3;756
blot;3;3;757
blunt;3;3;758
bonds;3;3;759
boy;3;3;760
brave;3;3;761
brief;3;3;762
brought;3;3;763
cause;3;3;764
chest;3;3;765
clear;3;3;766
clouds;3;3;767
conceit;3;3;768
confin;3;3;769
confounds;3;3;770
conquest;3;3;771
conscience;3;3;772
constancy;3;3;773
constant;3;3;774
control;3;3;775
course;3;3;776
cover;3;3;777
cunning;3;3;778
daily;3;3;779
dark;3;3;780
dearest;3;3;781
decease;3;3;782
deem;3;3;783
defence;3;3;784
desert;3;3;785
despair;3;3;786
dial;3;3;787
didst;3;3;788
double;3;3;789
draw;3;3;790
ear;3;3;791
edge;3;3;792
effect;3;3;793
either;3;3;794
elsewhere;3;3;795
eternity;3;3;796
evermore;3;3;797
expense;3;3;798
fade;3;3;799
fairer;3;3;800
fall;3;3;801
fame;3;3;802
fault;3;3;803
favour;3;3;804
feel;3;3;805
fight;3;3;806
fingers;3;3;807
five;3;3;808
flame;3;3;809
flatter;3;3;810
flattery;3;3;811
flesh;3;3;812
flies;3;3;813
foes;3;3;814
fool;3;3;815
foot;3;3;816
forbid;3;3;817
forget;3;3;818
forgot;3;3;819
friends;3;3;820
gav;3;3;821
general;3;3;822
gilded;3;3;823
god;3;3;824
got;3;3;825
grant;3;3;826
grave;3;3;827
greater;3;3;828
greet;3;3;829
ground;3;3;830
grows;3;3;831
growth;3;3;832
half;3;3;833
happier;3;3;834
haste;3;3;835
heavenly;3;3;836
height;3;3;837
heir;3;3;838
home;3;3;839
hot;3;3;840
infection;3;3;841
injury;3;3;842
just;3;3;843
kept;3;3;844
kiss;3;3;845
knowledge;3;3;846
laid;3;3;847
lawful;3;3;848
leap;3;3;849
learn;3;3;850
line;3;3;851
lived;3;3;852
losing;3;3;853
lovers;3;3;854
maiden;3;3;855
main;3;3;856
manners;3;3;857
matter;3;3;858
means;3;3;859
mend;3;3;860
methinks;3;3;861
minds;3;3;862
mock;3;3;863
moon;3;3;864
mourn;3;3;865
nought;3;3;866
oaths;3;3;867
ocean;3;3;868
odour;3;3;869
offence;3;3;870
outlive;3;3;871
pace;3;3;872
painter;3;3;873
pay;3;3;874
perfect;3;3;875
perjur;3;3;876
pine;3;3;877
plague;3;3;878
plea;3;3;879
pluck;3;3;880
posterity;3;3;881
pretty;3;3;882
princes;3;3;883
prize;3;3;884
proof;3;3;885
prov;3;3;886
quick;3;3;887
rain;3;3;888
reasons;3;3;889
receives;3;3;890
record;3;3;891
reign;3;3;892
remain;3;3;893
remov;3;3;894
repair;3;3;895
ride;3;3;896
sail;3;3;897
scorn;3;3;898
seasons;3;3;899
send;3;3;900
shadows;3;3;901
shake;3;3;902
shore;3;3;903
silence;3;3;904
simple;3;3;905
sins;3;3;906
son;3;3;907
soon;3;3;908
speed;3;3;909
stands;3;3;910
star;3;3;911
stone;3;3;912
style;3;3;913
suffer;3;3;914
sure;3;3;915
survey;3;3;916
sway;3;3;917
sworn;3;3;918
taken;3;3;919
takes;3;3;920
teach;3;3;921
tend;3;3;922
therein;3;3;923
thinking;3;3;924
thorns;3;3;925
thousand;3;3;926
thrice;3;3;927
torment;3;3;928
travel;3;3;929
twain;3;3;930
tyrant;3;3;931
unkind;3;3;932
vile;3;3;933
virtuous;3;3;934
vulgar;3;3;935
want;3;3;936
wanting;3;3;937
wear;3;3;938
weary;3;3;939
weed;3;3;940
weeds;3;3;941
weep;3;3;942
wert;3;3;943
west;3;3;944
wherein;3;3;945
windows;3;3;946
witness;3;3;947
women;3;3;948
wonder;3;3;949
wood;3;3;950
works;3;3;951
wouldst;3;3;952
wound;3;3;953
wretch;3;3;954
yellow;3;3;955
After;2;2;956
Alas;2;2;957
Ay;2;2;958
Bearing;2;2;959
Because;2;2;960
Came;2;2;961
Come;2;2;962
Cupid;2;2;963
Dear;2;2;964
Die;2;2;965
Each;2;2;966
Ere;2;2;967
Finding;2;2;968
Full;2;2;969
Gilding;2;2;970
Had;2;2;971
Him;2;2;972
Kill;2;2;973
Knowing;2;2;974
Looking;2;2;975
Mad;2;2;976
Made;2;2;977
Makes;2;2;978
Mark;2;2;979
Me;2;2;980
Most;2;2;981
Myself;2;2;982
Nay;2;2;983
Our;2;2;984
Painting;2;2;985
Resembling;2;2;986
Reserve;2;2;987
Return;2;2;988
Roses;2;2;989
Sets;2;2;990
Sometime;2;2;991
Speak;2;2;992
Stealing;2;2;993
Still;2;2;994
There;2;2;995
Truth;2;2;996
Under;2;2;997
Unlook;2;2;998
Wherein;2;2;999
Yourself;2;2;1000
abhor;2;2;1001
abide;2;2;1002
acquainted;2;2;1003
added;2;2;1004
addition;2;2;1005
adjunct;2;2;1006
advantage;2;2;1007
affairs;2;2;1008
affords;2;2;1009
ah;2;2;1010
aid;2;2;1011
alack;2;2;1012
alchemy;2;2;1013
alive;2;2;1014
allow;2;2;1015
alters;2;2;1016
among;2;2;1017
antiquity;2;2;1018
aside;2;2;1019
asleep;2;2;1020
assail;2;2;1021
aught;2;2;1022
autumn;2;2;1023
bail;2;2;1024
bareness;2;2;1025
bark;2;2;1026
bars;2;2;1027
beast;2;2;1028
becomes;2;2;1029
becoming;2;2;1030
belied;2;2;1031
belong;2;2;1032
belongs;2;2;1033
beloved;2;2;1034
bending;2;2;1035
benefit;2;2;1036
bent;2;2;1037
beside;2;2;1038
besiege;2;2;1039
bestow;2;2;1040
betray;2;2;1041
bide;2;2;1042
bitter;2;2;1043
bitterness;2;2;1044
blam;2;2;1045
blest;2;2;1046
blushing;2;2;1047
bold;2;2;1048
bore;2;2;1049
bounteous;2;2;1050
bounty;2;2;1051
bow;2;2;1052
breathe;2;2;1053
bred;2;2;1054
breed;2;2;1055
brings;2;2;1056
broke;2;2;1057
bud;2;2;1058
built;2;2;1059
burthen;2;2;1060
canopy;2;2;1061
captain;2;2;1062
careful;2;2;1063
cast;2;2;1064
changing;2;2;1065
charter;2;2;1066
chase;2;2;1067
check;2;2;1068
checked;2;2;1069
chief;2;2;1070
children;2;2;1071
churl;2;2;1072
clearer;2;2;1073
clock;2;2;1074
cloud;2;2;1075
coming;2;2;1076
comment;2;2;1077
comments;2;2;1078
commits;2;2;1079
compounds;2;2;1080
concord;2;2;1081
confess;2;2;1082
confound;2;2;1083
content;2;2;1084
contracted;2;2;1085
controlling;2;2;1086
converted;2;2;1087
copy;2;2;1088
corrupt;2;2;1089
cost;2;2;1090
counterfeit;2;2;1091
created;2;2;1092
creation;2;2;1093
creatures;2;2;1094
crow;2;2;1095
cry;2;2;1096
curse;2;2;1097
dateless;2;2;1098
dearer;2;2;1099
deaths;2;2;1100
deceased;2;2;1101
deceive;2;2;1102
defect;2;2;1103
deny;2;2;1104
depart;2;2;1105
depends;2;2;1106
deserts;2;2;1107
deserv;2;2;1108
desired;2;2;1109
despise;2;2;1110
despised;2;2;1111
devise;2;2;1112
died;2;2;1113
discontent;2;2;1114
disdain;2;2;1115
diseas;2;2;1116
distill;2;2;1117
divine;2;2;1118
doing;2;2;1119
dote;2;2;1120
doting;2;2;1121
drawn;2;2;1122
dream;2;2;1123
dreams;2;2;1124
dress;2;2;1125
dust;2;2;1126
duty;2;2;1127
dy;2;2;1128
ears;2;2;1129
ease;2;2;1130
eat;2;2;1131
eclipses;2;2;1132
elements;2;2;1133
enemies;2;2;1134
envy;2;2;1135
err;2;2;1136
example;2;2;1137
excellence;2;2;1138
extreme;2;2;1139
eyelids;2;2;1140
faces;2;2;1141
fading;2;2;1142
falsehood;2;2;1143
farthest;2;2;1144
fashion;2;2;1145
father;2;2;1146
feast;2;2;1147
feeding;2;2;1148
feeling;2;2;1149
fever;2;2;1150
fickle;2;2;1151
fiend;2;2;1152
fierce;2;2;1153
finds;2;2;1154
fine;2;2;1155
fix;2;2;1156
fled;2;2;1157
follow;2;2;1158
folly;2;2;1159
fond;2;2;1160
forbear;2;2;1161
force;2;2;1162
fore;2;2;1163
forfeit;2;2;1164
forsake;2;2;1165
fortify;2;2;1166
frailties;2;2;1167
fulfil;2;2;1168
garments;2;2;1169
gay;2;2;1170
gaze;2;2;1171
glad;2;2;1172
glance;2;2;1173
goddess;2;2;1174
goes;2;2;1175
gold;2;2;1176
goodness;2;2;1177
gross;2;2;1178
grounded;2;2;1179
growing;2;2;1180
guard;2;2;1181
guess;2;2;1182
guest;2;2;1183
guilty;2;2;1184
hadst;2;2;1185
hands;2;2;1186
hang;2;2;1187
haply;2;2;1188
hawks;2;2;1189
health;2;2;1190
healthful;2;2;1191
heavily;2;2;1192
held;2;2;1193
hid;2;2;1194
hideous;2;2;1195
himself;2;2;1196
hopes;2;2;1197
horse;2;2;1198
huge;2;2;1199
humble;2;2;1200
humour;2;2;1201
hungry;2;2;1202
husbandry;2;2;1203
hymns;2;2;1204
idle;2;2;1205
ignorance;2;2;1206
imprison;2;2;1207
inconstant;2;2;1208
influence;2;2;1209
injuries;2;2;1210
ink;2;2;1211
interest;2;2;1212
invent;2;2;1213
issue;2;2;1214
jacks;2;2;1215
jewels;2;2;1216
journey;2;2;1217
judgement;2;2;1218
keen;2;2;1219
kindness;2;2;1220
king;2;2;1221
kings;2;2;1222
knowing;2;2;1223
lacked;2;2;1224
lame;2;2;1225
last;2;2;1226
lay;2;2;1227
lead;2;2;1228
leads;2;2;1229
learning;2;2;1230
lest;2;2;1231
level;2;2;1232
liberty;2;2;1233
lily;2;2;1234
limbs;2;2;1235
little;2;2;1236
liv;2;2;1237
lively;2;2;1238
lofty;2;2;1239
lords;2;2;1240
lover;2;2;1241
lust;2;2;1242
lusty;2;2;1243
majesty;2;2;1244
mak;2;2;1245
maladies;2;2;1246
mansion;2;2;1247
map;2;2;1248
mark;2;2;1249
married;2;2;1250
mask;2;2;1251
master;2;2;1252
measure;2;2;1253
meet;2;2;1254
mightst;2;2;1255
miles;2;2;1256
monument;2;2;1257
morn;2;2;1258
morning;2;2;1259
mountain;2;2;1260
mourners;2;2;1261
mourning;2;2;1262
moving;2;2;1263
murderous;2;2;1264
muse;2;2;1265
mute;2;2;1266
mutual;2;2;1267
neglect;2;2;1268
newer;2;2;1269
next;2;2;1270
niggard;2;2;1271
nightly;2;2;1272
nights;2;2;1273
nimble;2;2;1274
note;2;2;1275
noted;2;2;1276
objects;2;2;1277
obsequious;2;2;1278
off;2;2;1279
often;2;2;1280
open;2;2;1281
oppress;2;2;1282
outworn;2;2;1283
palate;2;2;1284
pale;2;2;1285
patience;2;2;1286
pattern;2;2;1287
pays;2;2;1288
peace;2;2;1289
pencil;2;2;1290
pent;2;2;1291
perceiv;2;2;1292
perfection;2;2;1293
perfumes;2;2;1294
perpetual;2;2;1295
physic;2;2;1296
pilgrimage;2;2;1297
pitch;2;2;1298
plead;2;2;1299
pleasing;2;2;1300
poets;2;2;1301
point;2;2;1302
poison;2;2;1303
policy;2;2;1304
possess;2;2;1305
possession;2;2;1306
poverty;2;2;1307
powerful;2;2;1308
prepare;2;2;1309
presence;2;2;1310
prevent;2;2;1311
prey;2;2;1312
profan;2;2;1313
proves;2;2;1314
pure;2;2;1315
pursuit;2;2;1316
quest;2;2;1317
question;2;2;1318
quill;2;2;1319
r;2;2;1320
ransom;2;2;1321
raz;2;2;1322
receiv;2;2;1323
reckon;2;2;1324
remedy;2;2;1325
remembrance;2;2;1326
remove;2;2;1327
render;2;2;1328
renew;2;2;1329
replete;2;2;1330
riches;2;2;1331
rime;2;2;1332
ring;2;2;1333
riper;2;2;1334
robbery;2;2;1335
robs;2;2;1336
rotten;2;2;1337
ruin;2;2;1338
sacred;2;2;1339
salve;2;2;1340
saucy;2;2;1341
save;2;2;1342
seal;2;2;1343
seat;2;2;1344
seldom;2;2;1345
sensual;2;2;1346
servant;2;2;1347
shaken;2;2;1348
shames;2;2;1349
sharp;2;2;1350
shines;2;2;1351
showers;2;2;1352
shown;2;2;1353
shun;2;2;1354
sightless;2;2;1355
silent;2;2;1356
sit;2;2;1357
slain;2;2;1358
slight;2;2;1359
small;2;2;1360
soil;2;2;1361
something;2;2;1362
sooner;2;2;1363
sorrows;2;2;1364
sort;2;2;1365
souls;2;2;1366
sound;2;2;1367
sounds;2;2;1368
sour;2;2;1369
sourly;2;2;1370
special;2;2;1371
speechless;2;2;1372
spirits;2;2;1373
sport;2;2;1374
spur;2;2;1375
stage;2;2;1376
stamp;2;2;1377
steep;2;2;1378
stop;2;2;1379
strangely;2;2;1380
strive;2;2;1381
stronger;2;2;1382
strongly;2;2;1383
subjects;2;2;1384
suit;2;2;1385
sullen;2;2;1386
survive;2;2;1387
suspect;2;2;1388
sweetly;2;2;1389
sweetness;2;2;1390
tables;2;2;1391
tatter;2;2;1392
telling;2;2;1393
tells;2;2;1394
temptation;2;2;1395
term;2;2;1396
th;2;2;1397
thereby;2;2;1398
thievish;2;2;1399
thinks;2;2;1400
thrive;2;2;1401
tie;2;2;1402
title;2;2;1403
torture;2;2;1404
touch;2;2;1405
trespass;2;2;1406
triumph;2;2;1407
triumphant;2;2;1408
twice;2;2;1409
twixt;2;2;1410
tyrants;2;2;1411
unfather;2;2;1412
unkindness;2;2;1413
unknown;2;2;1414
unless;2;2;1415
unrespected;2;2;1416
unseen;2;2;1417
untrue;2;2;1418
urge;2;2;1419
usurer;2;2;1420
vainly;2;2;1421
vantage;2;2;1422
vassal;2;2;1423
veins;2;2;1424
vex;2;2;1425
violet;2;2;1426
vouchsafe;2;2;1427
vows;2;2;1428
wail;2;2;1429
wait;2;2;1430
walks;2;2;1431
walls;2;2;1432
warm;2;2;1433
wasteful;2;2;1434
wastes;2;2;1435
watch;2;2;1436
weak;2;2;1437
welcome;2;2;1438
whence;2;2;1439
whereof;2;2;1440
whereon;2;2;1441
while;2;2;1442
whilst;2;2;1443
wilful;2;2;1444
willing;2;2;1445
wills;2;2;1446
wind;2;2;1447
winds;2;2;1448
wink;2;2;1449
winters;2;2;1450
wires;2;2;1451
wise;2;2;1452
wits;2;2;1453
womb;2;2;1454
wondrous;2;2;1455
woo;2;2;1456
word;2;2;1457
worthless;2;2;1458
wrack;2;2;1459
wretched;2;2;1460
wrongs;2;2;1461
wrought;2;2;1462
ye;2;2;1463
years;2;2;1464
yield;2;2;1465
youthful;2;2;1466
0;1;1;1467
Above;1;1;1468
Accuse;1;1;1469
Admit;1;1;1470
Adonis;1;1;1471
Advantage;1;1;1472
Alack;1;1;1473
Am;1;1;1474
Amen;1;1;1475
Among;1;1;1476
An;1;1;1477
Angry;1;1;1478
Anon;1;1;1479
Another;1;1;1480
Applying;1;1;1481
Askance;1;1;1482
Attending;1;1;1483
Authorizing;1;1;1484
Awakes;1;1;1485
Bare;1;1;1486
Bear;1;1;1487
Beated;1;1;1488
Beauteous;1;1;1489
Beggar;1;1;1490
Beshrew;1;1;1491
Better;1;1;1492
Betwixt;1;1;1493
Beyond;1;1;1494
Blessed;1;1;1495
Book;1;1;1496
Borne;1;1;1497
Bound;1;1;1498
Breathed;1;1;1499
Bring;1;1;1500
Buy;1;1;1501
Call;1;1;1502
Calls;1;1;1503
Cannot;1;1;1504
Canst;1;1;1505
Cheered;1;1;1506
Chiding;1;1;1507
Clouds;1;1;1508
Comes;1;1;1509
Commanded;1;1;1510
Commit;1;1;1511
Compar;1;1;1512
Compare;1;1;1513
Consum;1;1;1514
Coral;1;1;1515
Could;1;1;1516
Counting;1;1;1517
Crawls;1;1;1518
Creating;1;1;1519
Creep;1;1;1520
Cries;1;1;1521
Crooked;1;1;1522
Crowning;1;1;1523
Darkening;1;1;1524
December;1;1;1525
Delights;1;1;1526
Describe;1;1;1527
Deserves;1;1;1528
Desire;1;1;1529
Desiring;1;1;1530
Despite;1;1;1531
Devouring;1;1;1532
Dian;1;1;1533
Disdains;1;1;1534
Dissuade;1;1;1535
Distill;1;1;1536
Divert;1;1;1537
Doing;1;1;1538
Doubting;1;1;1539
Drawn;1;1;1540
Drink;1;1;1541
Drugs;1;1;1542
Dulling;1;1;1543
Duty;1;1;1544
Eat;1;1;1545
Either;1;1;1546
Enjoy;1;1;1547
Entitled;1;1;1548
Eternal;1;1;1549
Eve;1;1;1550
Exceeded;1;1;1551
Excuse;1;1;1552
Excusing;1;1;1553
Fairing;1;1;1554
Farewell;1;1;1555
Featur;1;1;1556
Feed;1;1;1557
Feeding;1;1;1558
Feeds;1;1;1559
Find;1;1;1560
Flatter;1;1;1561
Forgot;1;1;1562
Gainst;1;1;1563
Gentle;1;1;1564
Giving;1;1;1565
Gor;1;1;1566
Grant;1;1;1567
Great;1;1;1568
Grecian;1;1;1569
Growing;1;1;1570
Grows;1;1;1571
Hang;1;1;1572
Haply;1;1;1573
Happy;1;1;1574
Harsh;1;1;1575
Hast;1;1;1576
Hate;1;1;1577
Hearing;1;1;1578
Helen;1;1;1579
Hence;1;1;1580
Herein;1;1;1581
Hers;1;1;1582
Hiding;1;1;1583
Holds;1;1;1584
Hung;1;1;1585
Incapable;1;1;1586
Incertainties;1;1;1587
Increasing;1;1;1588
Injurious;1;1;1589
Intend;1;1;1590
Join;1;1;1591
Junes;1;1;1592
Just;1;1;1593
Kind;1;1;1594
Kissing;1;1;1595
Laid;1;1;1596
Lascivious;1;1;1597
Lean;1;1;1598
Leaving;1;1;1599
Leese;1;1;1600
Lifts;1;1;1601
Lilies;1;1;1602
Lord;1;1;1603
Lose;1;1;1604
Loving;1;1;1605
Mars;1;1;1606
Methinks;1;1;1607
Might;1;1;1608
Much;1;1;1609
Muses;1;1;1610
Music;1;1;1611
Naming;1;1;1612
Nativity;1;1;1613
Needs;1;1;1614
Neither;1;1;1615
Never;1;1;1616
None;1;1;1617
Nothing;1;1;1618
Oaths;1;1;1619
Only;1;1;1620
Others;1;1;1621
Perforce;1;1;1622
Philomel;1;1;1623
Pitiful;1;1;1624
Plods;1;1;1625
Pluck;1;1;1626
Pointing;1;1;1627
Points;1;1;1628
Poor;1;1;1629
Possessing;1;1;1630
Potions;1;1;1631
Praising;1;1;1632
Presents;1;1;1633
Presume;1;1;1634
Prison;1;1;1635
Profitless;1;1;1636
Proud;1;1;1637
Proving;1;1;1638
Reason;1;1;1639
Receiving;1;1;1640
Revenge;1;1;1641
Richer;1;1;1642
Rise;1;1;1643
Robb;1;1;1644
Robbing;1;1;1645
Root;1;1;1646
Rough;1;1;1647
Ruin;1;1;1648
Sap;1;1;1649
Saturn;1;1;1650
Savage;1;1;1651
Say;1;1;1652
Seeking;1;1;1653
Seems;1;1;1654
Self;1;1;1655
Serving;1;1;1656
Shifts;1;1;1657
Show;1;1;1658
Showing;1;1;1659
Simply;1;1;1660
Sin;1;1;1661
Sing;1;1;1662
Sings;1;1;1663
Sinks;1;1;1664
Siren;1;1;1665
Sland;1;1;1666
Speaking;1;1;1667
Spend;1;1;1668
Spending;1;1;1669
Steal;1;1;1670
Stirr;1;1;1671
Straight;1;1;1672
Strikes;1;1;1673
Suffering;1;1;1674
Suns;1;1;1675
Supposed;1;1;1676
Suspect;1;1;1677
Swear;1;1;1678
Sweets;1;1;1679
Tan;1;1;1680
Tell;1;1;1681
Tempteth;1;1;1682
Ten;1;1;1683
Thee;1;1;1684
Their;1;1;1685
Theirs;1;1;1686
Thence;1;1;1687
Think;1;1;1688
Through;1;1;1689
Tir;1;1;1690
Tired;1;1;1691
Too;1;1;1692
Towards;1;1;1693
Triumph;1;1;1694
Two;1;1;1695
Unlearned;1;1;1696
Unmoved;1;1;1697
Unthrifty;1;1;1698
Until;1;1;1699
Use;1;1;1700
Uttering;1;1;1701
Vaunt;1;1;1702
Want;1;1;1703
We;1;1;1704
Weary;1;1;1705
Weeds;1;1;1706
Weighs;1;1;1707
Wh;1;1;1708
Whate;1;1;1709
Whence;1;1;1710
Whereon;1;1;1711
Whoe;1;1;1712
Whoever;1;1;1713
Whom;1;1;1714
Wilt;1;1;1715
Wishing;1;1;1716
Wooing;1;1;1717
Worthy;1;1;1718
Wound;1;1;1719
Wretched;1;1;1720
able;1;1;1721
about;1;1;1722
abundant;1;1;1723
abus;1;1;1724
abuses;1;1;1725
abysm;1;1;1726
accents;1;1;1727
acceptable;1;1;1728
acceptance;1;1;1729
accessary;1;1;1730
accident;1;1;1731
accidents;1;1;1732
accumulate;1;1;1733
accuse;1;1;1734
accusing;1;1;1735
achieve;1;1;1736
acknowledge;1;1;1737
act;1;1;1738
active;1;1;1739
actor;1;1;1740
adder;1;1;1741
addeth;1;1;1742
adding;1;1;1743
adieu;1;1;1744
admire;1;1;1745
admired;1;1;1746
admiring;1;1;1747
admitted;1;1;1748
adore;1;1;1749
adulterate;1;1;1750
advance;1;1;1751
adverse;1;1;1752
advis;1;1;1753
advocate;1;1;1754
afar;1;1;1755
affable;1;1;1756
affections;1;1;1757
afford;1;1;1758
afloat;1;1;1759
afresh;1;1;1760
afterwards;1;1;1761
ages;1;1;1762
aggravate;1;1;1763
alien;1;1;1764
alike;1;1;1765
allay;1;1;1766
allege;1;1;1767
aloft;1;1;1768
already;1;1;1769
alteration;1;1;1770
altering;1;1;1771
always;1;1;1772
amazeth;1;1;1773
ambush;1;1;1774
amends;1;1;1775
anchor;1;1;1776
anger;1;1;1777
annex;1;1;1778
annoy;1;1;1779
anon;1;1;1780
answered;1;1;1781
answers;1;1;1782
anticipate;1;1;1783
anything;1;1;1784
apparel;1;1;1785
appeal;1;1;1786
appearance;1;1;1787
appearing;1;1;1788
appears;1;1;1789
apple;1;1;1790
aright;1;1;1791
arise;1;1;1792
arising;1;1;1793
array;1;1;1794
arrest;1;1;1795
arts;1;1;1796
ashes;1;1;1797
asked;1;1;1798
aspect;1;1;1799
assemble;1;1;1800
assistance;1;1;1801
assure;1;1;1802
assured;1;1;1803
astonished;1;1;1804
astronomy;1;1;1805
attaint;1;1;1806
attainted;1;1;1807
attend;1;1;1808
attending;1;1;1809
augurs;1;1;1810
authority;1;1;1811
awake;1;1;1812
awards;1;1;1813
aye;1;1;1814
backward;1;1;1815
badges;1;1;1816
badness;1;1;1817
bait;1;1;1818
balmy;1;1;1819
bankrupt;1;1;1820
banks;1;1;1821
banquet;1;1;1822
bar;1;1;1823
barrenly;1;1;1824
bases;1;1;1825
battering;1;1;1826
bay;1;1;1827
beams;1;1;1828
beard;1;1;1829
bearer;1;1;1830
bearing;1;1;1831
beaten;1;1;1832
beautiful;1;1;1833
because;1;1;1834
beck;1;1;1835
become;1;1;1836
beds;1;1;1837
befits;1;1;1838
befriends;1;1;1839
beggar;1;1;1840
begin;1;1;1841
begins;1;1;1842
beguil;1;1;1843
beguile;1;1;1844
behaviour;1;1;1845
believed;1;1;1846
bell;1;1;1847
bemoaned;1;1;1848
bends;1;1;1849
bequest;1;1;1850
bereft;1;1;1851
beseechers;1;1;1852
beseem;1;1;1853
besides;1;1;1854
besmear;1;1;1855
betraying;1;1;1856
bett;1;1;1857
bettering;1;1;1858
bevel;1;1;1859
bewailed;1;1;1860
beweep;1;1;1861
bid;1;1;1862
bids;1;1;1863
bier;1;1;1864
big;1;1;1865
bind;1;1;1866
bird;1;1;1867
blanks;1;1;1868
blazon;1;1;1869
blenches;1;1;1870
bless;1;1;1871
blesses;1;1;1872
blessing;1;1;1873
blessings;1;1;1874
blindness;1;1;1875
bliss;1;1;1876
blooms;1;1;1877
blots;1;1;1878
blow;1;1;1879
blunter;1;1;1880
blunting;1;1;1881
blush;1;1;1882
boat;1;1;1883
boldness;1;1;1884
bond;1;1;1885
bones;1;1;1886
boot;1;1;1887
bootless;1;1;1888
borne;1;1;1889
borrow;1;1;1890
borrowed;1;1;1891
bosoms;1;1;1892
bough;1;1;1893
boughs;1;1;1894
bound;1;1;1895
boundless;1;1;1896
bower;1;1;1897
brag;1;1;1898
brains;1;1;1899
bravery;1;1;1900
breach;1;1;1901
breasts;1;1;1902
breathers;1;1;1903
breathes;1;1;1904
breeds;1;1;1905
brightness;1;1;1906
bristly;1;1;1907
broad;1;1;1908
broils;1;1;1909
broken;1;1;1910
brood;1;1;1911
budding;1;1;1912
builded;1;1;1913
building;1;1;1914
burden;1;1;1915
buriest;1;1;1916
burning;1;1;1917
burthens;1;1;1918
busy;1;1;1919
came;1;1;1920
cancell;1;1;1921
candles;1;1;1922
captive;1;1;1923
car;1;1;1924
carcanet;1;1;1925
carry;1;1;1926
carv;1;1;1927
carve;1;1;1928
case;1;1;1929
cease;1;1;1930
celestial;1;1;1931
censures;1;1;1932
centre;1;1;1933
ceremony;1;1;1934
certain;1;1;1935
chance;1;1;1936
changes;1;1;1937
charg;1;1;1938
charge;1;1;1939
chary;1;1;1940
chaste;1;1;1941
cheap;1;1;1942
cheater;1;1;1943
cheer;1;1;1944
cherish;1;1;1945
cherubins;1;1;1946
chips;1;1;1947
choirs;1;1;1948
choose;1;1;1949
chopp;1;1;1950
chose;1;1;1951
chronicle;1;1;1952
churls;1;1;1953
civil;1;1;1954
clay;1;1;1955
clean;1;1;1956
clears;1;1;1957
clerk;1;1;1958
climb;1;1;1959
cloak;1;1;1960
closet;1;1;1961
closure;1;1;1962
cloying;1;1;1963
comes;1;1;1964
commence;1;1;1965
commend;1;1;1966
committed;1;1;1967
compass;1;1;1968
compeers;1;1;1969
compil;1;1;1970
compile;1;1;1971
complain;1;1;1972
composed;1;1;1973
composition;1;1;1974
compound;1;1;1975
compounded;1;1;1976
conceal;1;1;1977
condemned;1;1;1978
confine;1;1;1979
confounded;1;1;1980
confounding;1;1;1981
conquer;1;1;1982
consecrate;1;1;1983
consent;1;1;1984
consider;1;1;1985
conspire;1;1;1986
consum;1;1;1987
contain;1;1;1988
contains;1;1;1989
contend;1;1;1990
contents;1;1;1991
continual;1;1;1992
contrary;1;1;1993
convert;1;1;1994
convertest;1;1;1995
cool;1;1;1996
cools;1;1;1997
correct;1;1;1998
correction;1;1;1999
correspondence;1;1;2000
corrupting;1;1;2001
costly;1;1;2002
costs;1;1;2003
couldst;1;1;2004
counted;1;1;2005
countenance;1;1;2006
counterpart;1;1;2007
counting;1;1;2008
couplement;1;1;2009
courses;1;1;2010
covetous;1;1;2011
coward;1;1;2012
crave;1;1;2013
creature;1;1;2014
credit;1;1;2015
crests;1;1;2016
cries;1;1;2017
critic;1;1;2018
crooked;1;1;2019
crowned;1;1;2020
crush;1;1;2021
crying;1;1;2022
crystal;1;1;2023
cup;1;1;2024
cur;1;1;2025
cures;1;1;2026
curious;1;1;2027
curls;1;1;2028
cut;1;1;2029
damask;1;1;2030
dancing;1;1;2031
darkly;1;1;2032
darkness;1;1;2033
darling;1;1;2034
dart;1;1;2035
dates;1;1;2036
deaf;1;1;2037
dearly;1;1;2038
dearth;1;1;2039
dearths;1;1;2040
debarre;1;1;2041
debate;1;1;2042
debateth;1;1;2043
debt;1;1;2044
debtor;1;1;2045
decays;1;1;2046
deceiv;1;1;2047
deceived;1;1;2048
deceivest;1;1;2049
declines;1;1;2050
decrease;1;1;2051
decree;1;1;2052
decrees;1;1;2053
decrepit;1;1;2054
dedicated;1;1;2055
deepest;1;1;2056
defac;1;1;2057
deface;1;1;2058
defeat;1;1;2059
defeated;1;1;2060
defects;1;1;2061
defendant;1;1;2062
define;1;1;2063
deformed;1;1;2064
defy;1;1;2065
delayed;1;1;2066
delighted;1;1;2067
delights;1;1;2068
deliver;1;1;2069
delivers;1;1;2070
delves;1;1;2071
denied;1;1;2072
denote;1;1;2073
departest;1;1;2074
depend;1;1;2075
derive;1;1;2076
descriptions;1;1;2077
deserve;1;1;2078
deserving;1;1;2079
desperate;1;1;2080
despis;1;1;2081
despising;1;1;2082
destroys;1;1;2083
detain;1;1;2084
determinate;1;1;2085
determination;1;1;2086
determined;1;1;2087
devil;1;1;2088
devis;1;1;2089
devour;1;1;2090
dies;1;1;2091
diest;1;1;2092
difference;1;1;2093
different;1;1;2094
dig;1;1;2095
dignified;1;1;2096
dignifies;1;1;2097
dignity;1;1;2098
dimm;1;1;2099
directed;1;1;2100
directly;1;1;2101
disabled;1;1;2102
disarm;1;1;2103
discloses;1;1;2104
discourse;1;1;2105
disdaineth;1;1;2106
disease;1;1;2107
disgrac;1;1;2108
dispatch;1;1;2109
dispense;1;1;2110
disperse;1;1;2111
dispos;1;1;2112
dispraise;1;1;2113
distance;1;1;2114
distemper;1;1;2115
distillation;1;1;2116
distills;1;1;2117
distraction;1;1;2118
divide;1;1;2119
divided;1;1;2120
divining;1;1;2121
doctor;1;1;2122
doubt;1;1;2123
doubting;1;1;2124
dove;1;1;2125
drain;1;1;2126
dreading;1;1;2127
dreaming;1;1;2128
dregs;1;1;2129
dressing;1;1;2130
dressings;1;1;2131
drink;1;1;2132
drinks;1;1;2133
drooping;1;1;2134
drop;1;1;2135
drops;1;1;2136
dross;1;1;2137
drown;1;1;2138
drowns;1;1;2139
drudge;1;1;2140
drunk;1;1;2141
dry;1;1;2142
dully;1;1;2143
dulness;1;1;2144
dun;1;1;2145
durst;1;1;2146
duteous;1;1;2147
dwellers;1;1;2148
dwells;1;1;2149
dye;1;1;2150
dyer;1;1;2151
dying;1;1;2152
eager;1;1;2153
early;1;1;2154
earthly;1;1;2155
eas;1;1;2156
east;1;1;2157
easy;1;1;2158
eating;1;1;2159
eclipse;1;1;2160
effectually;1;1;2161
eisel;1;1;2162
elder;1;1;2163
eloquence;1;1;2164
embassage;1;1;2165
embassy;1;1;2166
enclose;1;1;2167
endeared;1;1;2168
ending;1;1;2169
endless;1;1;2170
endow;1;1;2171
endur;1;1;2172
endure;1;1;2173
enfeebled;1;1;2174
enforced;1;1;2175
engraft;1;1;2176
engrafted;1;1;2177
engross;1;1;2178
enjoy;1;1;2179
enjoyer;1;1;2180
enjoys;1;1;2181
enlarg;1;1;2182
enlighten;1;1;2183
enmity;1;1;2184
enrich;1;1;2185
ensconce;1;1;2186
entertain;1;1;2187
entombed;1;1;2188
epitaph;1;1;2189
equal;1;1;2190
equipage;1;1;2191
ercharg;1;1;2192
erlook;1;1;2193
erpress;1;1;2194
error;1;1;2195
erst;1;1;2196
ersways;1;1;2197
ertake;1;1;2198
erworn;1;1;2199
essays;1;1;2200
esteeming;1;1;2201
estimate;1;1;2202
everywhere;1;1;2203
evident;1;1;2204
exceed;1;1;2205
exceeds;1;1;2206
excel;1;1;2207
excellent;1;1;2208
except;1;1;2209
excess;1;1;2210
exchang;1;1;2211
exchequer;1;1;2212
executor;1;1;2213
expiate;1;1;2214
expire;1;1;2215
expired;1;1;2216
expressing;1;1;2217
extant;1;1;2218
extern;1;1;2219
external;1;1;2220
extremity;1;1;2221
ey;1;1;2222
faculty;1;1;2223
fadeth;1;1;2224
faint;1;1;2225
fairly;1;1;2226
falls;1;1;2227
falsely;1;1;2228
familiar;1;1;2229
famine;1;1;2230
famish;1;1;2231
famoused;1;1;2232
fangled;1;1;2233
faring;1;1;2234
faster;1;1;2235
fate;1;1;2236
favourites;1;1;2237
fawn;1;1;2238
fearful;1;1;2239
fearfully;1;1;2240
fearing;1;1;2241
feasting;1;1;2242
feasts;1;1;2243
feather;1;1;2244
feathers;1;1;2245
feature;1;1;2246
featureless;1;1;2247
fed;1;1;2248
fee;1;1;2249
feeble;1;1;2250
feed;1;1;2251
feeds;1;1;2252
felt;1;1;2253
female;1;1;2254
fester;1;1;2255
few;1;1;2256
field;1;1;2257
fiery;1;1;2258
figur;1;1;2259
figure;1;1;2260
figures;1;1;2261
fil;1;1;2262
filching;1;1;2263
finger;1;1;2264
fired;1;1;2265
firm;1;1;2266
fits;1;1;2267
fitted;1;1;2268
fixed;1;1;2269
flatterer;1;1;2270
fleece;1;1;2271
fleeting;1;1;2272
fleets;1;1;2273
flourish;1;1;2274
flow;1;1;2275
flown;1;1;2276
fly;1;1;2277
foe;1;1;2278
foil;1;1;2279
foison;1;1;2280
foist;1;1;2281
fold;1;1;2282
followed;1;1;2283
follows;1;1;2284
food;1;1;2285
foolish;1;1;2286
fools;1;1;2287
footed;1;1;2288
forbidden;1;1;2289
forced;1;1;2290
foregone;1;1;2291
forests;1;1;2292
forged;1;1;2293
forgetful;1;1;2294
forgetfulness;1;1;2295
forgive;1;1;2296
forgoing;1;1;2297
forgotten;1;1;2298
forlorn;1;1;2299
forsaken;1;1;2300
forty;1;1;2301
forward;1;1;2302
forwards;1;1;2303
fountain;1;1;2304
fountains;1;1;2305
four;1;1;2306
fragrant;1;1;2307
frailer;1;1;2308
frank;1;1;2309
frantic;1;1;2310
freedom;1;1;2311
freezings;1;1;2312
frequent;1;1;2313
fresher;1;1;2314
front;1;1;2315
frost;1;1;2316
frowns;1;1;2317
fruit;1;1;2318
fuel;1;1;2319
fulness;1;1;2320
function;1;1;2321
furrows;1;1;2322
fury;1;1;2323
gainer;1;1;2324
gains;1;1;2325
gait;1;1;2326
gardens;1;1;2327
gate;1;1;2328
gates;1;1;2329
gather;1;1;2330
gaudy;1;1;2331
gazed;1;1;2332
gazers;1;1;2333
gazeth;1;1;2334
gazing;1;1;2335
gems;1;1;2336
gentlest;1;1;2337
gently;1;1;2338
get;1;1;2339
ghastly;1;1;2340
ghost;1;1;2341
gifts;1;1;2342
gild;1;1;2343
girded;1;1;2344
giving;1;1;2345
gladly;1;1;2346
glazed;1;1;2347
glorious;1;1;2348
glowing;1;1;2349
glutton;1;1;2350
gluttoning;1;1;2351
goest;1;1;2352
going;1;1;2353
goodly;1;1;2354
governs;1;1;2355
graced;1;1;2356
graciously;1;1;2357
granting;1;1;2358
graven;1;1;2359
graves;1;1;2360
gravity;1;1;2361
greatest;1;1;2362
greeing;1;1;2363
grey;1;1;2364
griefs;1;1;2365
griev;1;1;2366
grievances;1;1;2367
grieve;1;1;2368
grind;1;1;2369
groans;1;1;2370
grossly;1;1;2371
guides;1;1;2372
guilt;1;1;2373
gulls;1;1;2374
gust;1;1;2375
gusts;1;1;2376
habit;1;1;2377
habitation;1;1;2378
hair;1;1;2379
hairs;1;1;2380
hallow;1;1;2381
halt;1;1;2382
hammer;1;1;2383
hanging;1;1;2384
hap;1;1;2385
happies;1;1;2386
hard;1;1;2387
harder;1;1;2388
hardest;1;1;2389
harmful;1;1;2390
harvest;1;1;2391
hasten;1;1;2392
hated;1;1;2393
hateth;1;1;2394
hatred;1;1;2395
heals;1;1;2396
heard;1;1;2397
hearsay;1;1;2398
hearted;1;1;2399
heats;1;1;2400
heed;1;1;2401
heinous;1;1;2402
hems;1;1;2403
herald;1;1;2404
herd;1;1;2405
heretic;1;1;2406
herself;1;1;2407
hidden;1;1;2408
hides;1;1;2409
hied;1;1;2410
highmost;1;1;2411
hill;1;1;2412
hindmost;1;1;2413
history;1;1;2414
hits;1;1;2415
hoisted;1;1;2416
homage;1;1;2417
honest;1;1;2418
honey;1;1;2419
honouring;1;1;2420
hooks;1;1;2421
horses;1;1;2422
hounds;1;1;2423
house;1;1;2424
housewife;1;1;2425
hues;1;1;2426
hugely;1;1;2427
hundred;1;1;2428
hung;1;1;2429
hunted;1;1;2430
hurt;1;1;2431
hush;1;1;2432
hymn;1;1;2433
idly;1;1;2434
idol;1;1;2435
idolatry;1;1;2436
ills;1;1;2437
images;1;1;2438
imaginary;1;1;2439
imitate;1;1;2440
imitated;1;1;2441
immortal;1;1;2442
immured;1;1;2443
impair;1;1;2444
impannelled;1;1;2445
impart;1;1;2446
impeach;1;1;2447
impediments;1;1;2448
imperfect;1;1;2449
impiety;1;1;2450
import;1;1;2451
importune;1;1;2452
impregnable;1;1;2453
impression;1;1;2454
imprint;1;1;2455
impute;1;1;2456
incertainty;1;1;2457
indeed;1;1;2458
indigest;1;1;2459
indirectly;1;1;2460
infant;1;1;2461
inferior;1;1;2462
inflaming;1;1;2463
informer;1;1;2464
inhabit;1;1;2465
inhearse;1;1;2466
inherit;1;1;2467
inheritors;1;1;2468
iniquity;1;1;2469
injurious;1;1;2470
instant;1;1;2471
instinct;1;1;2472
insufficiency;1;1;2473
insults;1;1;2474
intelligence;1;1;2475
intents;1;1;2476
interchange;1;1;2477
interim;1;1;2478
intermix;1;1;2479
invited;1;1;2480
inviting;1;1;2481
invocate;1;1;2482
invoked;1;1;2483
issueless;1;1;2484
jade;1;1;2485
jail;1;1;2486
jaws;1;1;2487
jealous;1;1;2488
jealousy;1;1;2489
jollity;1;1;2490
jump;1;1;2491
justify;1;1;2492
key;1;1;2493
kills;1;1;2494
kindling;1;1;2495
kinds;1;1;2496
kingdom;1;1;2497
kingdoms;1;1;2498
kingly;1;1;2499
knew;1;1;2500
knights;1;1;2501
knit;1;1;2502
known;1;1;2503
labouring;1;1;2504
lace;1;1;2505
lacking;1;1;2506
ladies;1;1;2507
lamb;1;1;2508
lambs;1;1;2509
lameness;1;1;2510
land;1;1;2511
languish;1;1;2512
lap;1;1;2513
largess;1;1;2514
lark;1;1;2515
lascivious;1;1;2516
lasting;1;1;2517
latch;1;1;2518
late;1;1;2519
laugh;1;1;2520
laws;1;1;2521
league;1;1;2522
learned;1;1;2523
leases;1;1;2524
legacy;1;1;2525
legions;1;1;2526
length;1;1;2527
lengths;1;1;2528
lesser;1;1;2529
lesson;1;1;2530
lets;1;1;2531
likeness;1;1;2532
liker;1;1;2533
limbecks;1;1;2534
limit;1;1;2535
limits;1;1;2536
limping;1;1;2537
linger;1;1;2538
lion;1;1;2539
lip;1;1;2540
liquid;1;1;2541
list;1;1;2542
livery;1;1;2543
loan;1;1;2544
loathsome;1;1;2545
lock;1;1;2546
locked;1;1;2547
lodg;1;1;2548
longing;1;1;2549
looked;1;1;2550
looking;1;1;2551
losses;1;1;2552
loud;1;1;2553
lour;1;1;2554
loved;1;1;2555
loveliness;1;1;2556
low;1;1;2557
luck;1;1;2558
lying;1;1;2559
madding;1;1;2560
madmen;1;1;2561
madness;1;1;2562
maid;1;1;2563
maintain;1;1;2564
makeless;1;1;2565
maketh;1;1;2566
manner;1;1;2567
mar;1;1;2568
marble;1;1;2569
march;1;1;2570
marigold;1;1;2571
marjoram;1;1;2572
marriage;1;1;2573
marvel;1;1;2574
masked;1;1;2575
masonry;1;1;2576
matcheth;1;1;2577
maturity;1;1;2578
meadows;1;1;2579
meant;1;1;2580
measured;1;1;2581
medicine;1;1;2582
meditation;1;1;2583
meetness;1;1;2584
melancholy;1;1;2585
memorial;1;1;2586
mended;1;1;2587
merchandiz;1;1;2588
mercy;1;1;2589
merits;1;1;2590
messengers;1;1;2591
methods;1;1;2592
metre;1;1;2593
middle;1;1;2594
mightier;1;1;2595
million;1;1;2596
millions;1;1;2597
minded;1;1;2598
minion;1;1;2599
miracle;1;1;2600
miscall;1;1;2601
miser;1;1;2602
misplac;1;1;2603
misprision;1;1;2604
miss;1;1;2605
mistake;1;1;2606
mistaking;1;1;2607
misuse;1;1;2608
mix;1;1;2609
modern;1;1;2610
moiety;1;1;2611
moment;1;1;2612
monarch;1;1;2613
monsters;1;1;2614
monuments;1;1;2615
moods;1;1;2616
mortality;1;1;2617
mortgag;1;1;2618
motley;1;1;2619
mounted;1;1;2620
mournful;1;1;2621
mouthed;1;1;2622
mouths;1;1;2623
move;1;1;2624
mow;1;1;2625
mud;1;1;2626
murd;1;1;2627
naked;1;1;2628
nearly;1;1;2629
necessary;1;1;2630
neck;1;1;2631
needing;1;1;2632
needy;1;1;2633
neglected;1;1;2634
neigh;1;1;2635
neither;1;1;2636
nerves;1;1;2637
news;1;1;2638
niggarding;1;1;2639
nine;1;1;2640
nobler;1;1;2641
noon;1;1;2642
nourish;1;1;2643
novel;1;1;2644
nurse;1;1;2645
nursed;1;1;2646
nurseth;1;1;2647
nymphs;1;1;2648
object;1;1;2649
oblation;1;1;2650
oblivion;1;1;2651
oblivious;1;1;2652
odours;1;1;2653
offences;1;1;2654
offend;1;1;2655
offender;1;1;2656
offenders;1;1;2657
office;1;1;2658
offices;1;1;2659
older;1;1;2660
olives;1;1;2661
onset;1;1;2662
onward;1;1;2663
onwards;1;1;2664
oppression;1;1;2665
ordering;1;1;2666
orient;1;1;2667
ornaments;1;1;2668
orphans;1;1;2669
outbraves;1;1;2670
outcast;1;1;2671
outgoing;1;1;2672
outright;1;1;2673
outstripp;1;1;2674
overthrow;1;1;2675
overturn;1;1;2676
ow;1;1;2677
owe;1;1;2678
owes;1;1;2679
owner;1;1;2680
owners;1;1;2681
page;1;1;2682
paid;1;1;2683
painful;1;1;2684
paper;1;1;2685
papers;1;1;2686
parallels;1;1;2687
pardon;1;1;2688
partake;1;1;2689
partial;1;1;2690
particulars;1;1;2691
partly;1;1;2692
party;1;1;2693
passed;1;1;2694
passion;1;1;2695
patent;1;1;2696
patient;1;1;2697
paws;1;1;2698
paying;1;1;2699
pearl;1;1;2700
pebbled;1;1;2701
peep;1;1;2702
penance;1;1;2703
penury;1;1;2704
perceive;1;1;2705
perfumed;1;1;2706
perhaps;1;1;2707
perish;1;1;2708
permit;1;1;2709
perspective;1;1;2710
persuade;1;1;2711
perusal;1;1;2712
petty;1;1;2713
phoenix;1;1;2714
phrase;1;1;2715
physician;1;1;2716
physicians;1;1;2717
pictur;1;1;2718
pied;1;1;2719
pierc;1;1;2720
pipe;1;1;2721
pitied;1;1;2722
pitying;1;1;2723
placed;1;1;2724
plagues;1;1;2725
plain;1;1;2726
plants;1;1;2727
pleasant;1;1;2728
pleased;1;1;2729
pleasures;1;1;2730
plight;1;1;2731
plot;1;1;2732
plus;1;1;2733
poesy;1;1;2734
polish;1;1;2735
politic;1;1;2736
pomp;1;1;2737
poorly;1;1;2738
possesseth;1;1;2739
possessing;1;1;2740
posting;1;1;2741
potions;1;1;2742
pour;1;1;2743
powers;1;1;2744
prais;1;1;2745
praised;1;1;2746
praising;1;1;2747
pray;1;1;2748
prayers;1;1;2749
predict;1;1;2750
prefiguring;1;1;2751
preposterously;1;1;2752
presage;1;1;2753
presagers;1;1;2754
prescriptions;1;1;2755
presenteth;1;1;2756
preserve;1;1;2757
press;1;1;2758
prevail;1;1;2759
prick;1;1;2760
print;1;1;2761
prisoner;1;1;2762
private;1;1;2763
privilage;1;1;2764
privilege;1;1;2765
prizing;1;1;2766
proceed;1;1;2767
proceeds;1;1;2768
process;1;1;2769
proclaims;1;1;2770
profane;1;1;2771
profit;1;1;2772
profound;1;1;2773
prognosticate;1;1;2774
progress;1;1;2775
promise;1;1;2776
prone;1;1;2777
prophecies;1;1;2778
prophetic;1;1;2779
propos;1;1;2780
prouder;1;1;2781
proudest;1;1;2782
proudly;1;1;2783
provide;1;1;2784
provoke;1;1;2785
pry;1;1;2786
publish;1;1;2787
pupil;1;1;2788
purchas;1;1;2789
purest;1;1;2790
purge;1;1;2791
purging;1;1;2792
purity;1;1;2793
purple;1;1;2794
purpos;1;1;2795
pursuing;1;1;2796
puts;1;1;2797
putt;1;1;2798
pyramids;1;1;2799
qualify;1;1;2800
quality;1;1;2801
queen;1;1;2802
quenched;1;1;2803
quicker;1;1;2804
quickly;1;1;2805
quiet;1;1;2806
quietus;1;1;2807
race;1;1;2808
rack;1;1;2809
ragged;1;1;2810
raiment;1;1;2811
rainy;1;1;2812
rais;1;1;2813
random;1;1;2814
rang;1;1;2815
ranks;1;1;2816
ransoms;1;1;2817
rarities;1;1;2818
rather;1;1;2819
raven;1;1;2820
razed;1;1;2821
re;1;1;2822
reap;1;1;2823
rearward;1;1;2824
rebel;1;1;2825
rebuk;1;1;2826
receipt;1;1;2827
receive;1;1;2828
receivest;1;1;2829
recite;1;1;2830
reckoning;1;1;2831
recompense;1;1;2832
records;1;1;2833
recounting;1;1;2834
recur;1;1;2835
redeem;1;1;2836
reeks;1;1;2837
reeleth;1;1;2838
refigur;1;1;2839
refined;1;1;2840
refuse;1;1;2841
refusest;1;1;2842
region;1;1;2843
register;1;1;2844
registers;1;1;2845
reigns;1;1;2846
releasing;1;1;2847
relief;1;1;2848
religious;1;1;2849
remains;1;1;2850
remembered;1;1;2851
remote;1;1;2852
removed;1;1;2853
remover;1;1;2854
renewest;1;1;2855
rent;1;1;2856
rents;1;1;2857
repay;1;1;2858
repent;1;1;2859
repose;1;1;2860
reproach;1;1;2861
reproving;1;1;2862
require;1;1;2863
resemble;1;1;2864
resort;1;1;2865
respects;1;1;2866
respose;1;1;2867
restful;1;1;2868
resting;1;1;2869
restor;1;1;2870
restore;1;1;2871
resty;1;1;2872
retention;1;1;2873
revenues;1;1;2874
review;1;1;2875
reviewest;1;1;2876
revolt;1;1;2877
revolution;1;1;2878
rhetoric;1;1;2879
rhymers;1;1;2880
richly;1;1;2881
rid;1;1;2882
rider;1;1;2883
rightly;1;1;2884
rights;1;1;2885
rigour;1;1;2886
riot;1;1;2887
ripe;1;1;2888
rise;1;1;2889
rising;1;1;2890
rite;1;1;2891
robe;1;1;2892
rocks;1;1;2893
rolling;1;1;2894
rondure;1;1;2895
roof;1;1;2896
room;1;1;2897
root;1;1;2898
rosy;1;1;2899
rous;1;1;2900
rud;1;1;2901
rudely;1;1;2902
ruinate;1;1;2903
ruining;1;1;2904
ruminate;1;1;2905
run;1;1;2906
runn;1;1;2907
runs;1;1;2908
ruth;1;1;2909
sable;1;1;2910
sadly;1;1;2911
saint;1;1;2912
saith;1;1;2913
salutation;1;1;2914
salving;1;1;2915
sang;1;1;2916
sap;1;1;2917
satire;1;1;2918
sauces;1;1;2919
sav;1;1;2920
savour;1;1;2921
saying;1;1;2922
scandal;1;1;2923
scanted;1;1;2924
scap;1;1;2925
scarcely;1;1;2926
scarlet;1;1;2927
score;1;1;2928
seals;1;1;2929
season;1;1;2930
seconds;1;1;2931
secret;1;1;2932
seemly;1;1;2933
seems;1;1;2934
sees;1;1;2935
seeting;1;1;2936
sell;1;1;2937
selling;1;1;2938
semblance;1;1;2939
senses;1;1;2940
separable;1;1;2941
separation;1;1;2942
sepulchres;1;1;2943
sequent;1;1;2944
service;1;1;2945
services;1;1;2946
serving;1;1;2947
sessions;1;1;2948
settled;1;1;2949
several;1;1;2950
shady;1;1;2951
shallowest;1;1;2952
shamed;1;1;2953
shamefully;1;1;2954
shapes;1;1;2955
share;1;1;2956
sharpened;1;1;2957
sheaves;1;1;2958
sheds;1;1;2959
shifting;1;1;2960
shook;1;1;2961
shoot;1;1;2962
shop;1;1;2963
shorn;1;1;2964
sicken;1;1;2965
sickle;1;1;2966
sickly;1;1;2967
sickness;1;1;2968
sides;1;1;2969
siege;1;1;2970
sigh;1;1;2971
sighs;1;1;2972
signs;1;1;2973
silver;1;1;2974
silvered;1;1;2975
simplicity;1;1;2976
singleness;1;1;2977
sings;1;1;2978
sire;1;1;2979
sits;1;1;2980
situation;1;1;2981
sky;1;1;2982
slanderers;1;1;2983
slavery;1;1;2984
slay;1;1;2985
sleeping;1;1;2986
slept;1;1;2987
slide;1;1;2988
slumbers;1;1;2989
sluttish;1;1;2990
smells;1;1;2991
smiling;1;1;2992
smoke;1;1;2993
smother;1;1;2994
snow;1;1;2995
snowed;1;1;2996
sober;1;1;2997
society;1;1;2998
soft;1;1;2999
sold;1;1;3000
sole;1;1;3001
solemn;1;1;3002
sometimes;1;1;3003
songs;1;1;3004
sorry;1;1;3005
sought;1;1;3006
soundless;1;1;3007
sourest;1;1;3008
space;1;1;3009
spacious;1;1;3010
sparkling;1;1;3011
spends;1;1;3012
spheres;1;1;3013
spies;1;1;3014
spites;1;1;3015
splendour;1;1;3016
spoil;1;1;3017
spoils;1;1;3018
sportive;1;1;3019
spot;1;1;3020
spread;1;1;3021
springs;1;1;3022
spurring;1;1;3023
staineth;1;1;3024
starved;1;1;3025
statues;1;1;3026
statute;1;1;3027
stays;1;1;3028
steals;1;1;3029
stealth;1;1;3030
steepy;1;1;3031
stell;1;1;3032
stern;1;1;3033
stewards;1;1;3034
stick;1;1;3035
stole;1;1;3036
stones;1;1;3037
stopped;1;1;3038
stops;1;1;3039
stores;1;1;3040
storm;1;1;3041
stormy;1;1;3042
stout;1;1;3043
strained;1;1;3044
strains;1;1;3045
strangle;1;1;3046
straying;1;1;3047
streams;1;1;3048
strengthen;1;1;3049
stretched;1;1;3050
strife;1;1;3051
string;1;1;3052
striving;1;1;3053
struck;1;1;3054
strumpeted;1;1;3055
subdu;1;1;3056
suborned;1;1;3057
subscribes;1;1;3058
subsist;1;1;3059
substantial;1;1;3060
subtleties;1;1;3061
succeeding;1;1;3062
succession;1;1;3063
successive;1;1;3064
sue;1;1;3065
sufferance;1;1;3066
suffers;1;1;3067
suffic;1;1;3068
suggest;1;1;3069
suited;1;1;3070
sullied;1;1;3071
summers;1;1;3072
summon;1;1;3073
sums;1;1;3074
sunk;1;1;3075
sunken;1;1;3076
sunset;1;1;3077
suppose;1;1;3078
supposed;1;1;3079
supposing;1;1;3080
suppressed;1;1;3081
surety;1;1;3082
surfeit;1;1;3083
surly;1;1;3084
surmise;1;1;3085
surmount;1;1;3086
swallow;1;1;3087
swart;1;1;3088
swearing;1;1;3089
swears;1;1;3090
swerving;1;1;3091
sword;1;1;3092
sympathiz;1;1;3093
table;1;1;3094
taker;1;1;3095
tall;1;1;3096
tallies;1;1;3097
tame;1;1;3098
tanned;1;1;3099
task;1;1;3100
teachest;1;1;3101
tear;1;1;3102
teeming;1;1;3103
teeth;1;1;3104
temperate;1;1;3105
tempests;1;1;3106
tempting;1;1;3107
tenants;1;1;3108
tenth;1;1;3109
tenure;1;1;3110
terms;1;1;3111
testy;1;1;3112
thank;1;1;3113
thanks;1;1;3114
theft;1;1;3115
theirs;1;1;3116
themes;1;1;3117
thereof;1;1;3118
thinly;1;1;3119
third;1;1;3120
thither;1;1;3121
thrall;1;1;3122
thralled;1;1;3123
threescore;1;1;3124
threw;1;1;3125
thriftless;1;1;3126
thrivers;1;1;3127
throned;1;1;3128
throw;1;1;3129
thrust;1;1;3130
thrusts;1;1;3131
thunder;1;1;3132
tickled;1;1;3133
tiger;1;1;3134
tillage;1;1;3135
tincture;1;1;3136
tir;1;1;3137
tired;1;1;3138
tires;1;1;3139
titles;1;1;3140
together;1;1;3141
tombed;1;1;3142
tombs;1;1;3143
top;1;1;3144
tops;1;1;3145
torn;1;1;3146
toward;1;1;3147
towards;1;1;3148
towers;1;1;3149
tract;1;1;3150
traffic;1;1;3151
transferr;1;1;3152
transfix;1;1;3153
transgression;1;1;3154
translate;1;1;3155
translated;1;1;3156
transport;1;1;3157
travail;1;1;3158
travell;1;1;3159
travels;1;1;3160
treads;1;1;3161
treason;1;1;3162
trees;1;1;3163
trenches;1;1;3164
tresses;1;1;3165
trial;1;1;3166
tribes;1;1;3167
trifle;1;1;3168
trifles;1;1;3169
trim;1;1;3170
trimm;1;1;3171
tripping;1;1;3172
trophies;1;1;3173
trouble;1;1;3174
truant;1;1;3175
truest;1;1;3176
truths;1;1;3177
try;1;1;3178
tune;1;1;3179
tuned;1;1;3180
twenty;1;1;3181
twilight;1;1;3182
twire;1;1;3183
twofold;1;1;3184
tyrannous;1;1;3185
tyranny;1;1;3186
ugly;1;1;3187
unbless;1;1;3188
unbred;1;1;3189
uncertain;1;1;3190
undivided;1;1;3191
unear;1;1;3192
unfair;1;1;3193
unfolding;1;1;3194
unhappily;1;1;3195
unions;1;1;3196
universe;1;1;3197
unjust;1;1;3198
unlettered;1;1;3199
unperfect;1;1;3200
unprovident;1;1;3201
unrest;1;1;3202
unseeing;1;1;3203
unset;1;1;3204
unstained;1;1;3205
unsway;1;1;3206
unswept;1;1;3207
untainted;1;1;3208
unthrift;1;1;3209
unthrifts;1;1;3210
unto;1;1;3211
untold;1;1;3212
untrimm;1;1;3213
untutor;1;1;3214
unwoo;1;1;3215
unworthiness;1;1;3216
uphold;1;1;3217
uprear;1;1;3218
used;1;1;3219
user;1;1;3220
usest;1;1;3221
ushers;1;1;3222
usury;1;1;3223
utmost;1;1;3224
vacant;1;1;3225
valley;1;1;3226
vanish;1;1;3227
vanished;1;1;3228
vanishing;1;1;3229
variation;1;1;3230
varying;1;1;3231
vassalage;1;1;3232
ve;1;1;3233
veil;1;1;3234
vengeful;1;1;3235
verdict;1;1;3236
vermilion;1;1;3237
verses;1;1;3238
vexed;1;1;3239
vial;1;1;3240
vice;1;1;3241
vices;1;1;3242
victor;1;1;3243
victories;1;1;3244
victors;1;1;3245
viewest;1;1;3246
vilest;1;1;3247
virgin;1;1;3248
visage;1;1;3249
vision;1;1;3250
voice;1;1;3251
voices;1;1;3252
votary;1;1;3253
vowing;1;1;3254
wailing;1;1;3255
waiting;1;1;3256
wake;1;1;3257
waken;1;1;3258
waking;1;1;3259
walk;1;1;3260
wander;1;1;3261
wandering;1;1;3262
wane;1;1;3263
waning;1;1;3264
wanton;1;1;3265
wantonly;1;1;3266
wantonness;1;1;3267
ward;1;1;3268
wardrobe;1;1;3269
wards;1;1;3270
warning;1;1;3271
warrantise;1;1;3272
warrior;1;1;3273
wary;1;1;3274
wasted;1;1;3275
watching;1;1;3276
watchman;1;1;3277
watery;1;1;3278
waves;1;1;3279
weakens;1;1;3280
weakness;1;1;3281
weeks;1;1;3282
weigh;1;1;3283
weight;1;1;3284
welfare;1;1;3285
went;1;1;3286
wet;1;1;3287
wh;1;1;3288
whate;1;1;3289
whatsoever;1;1;3290
whereupon;1;1;3291
wherever;1;1;3292
wherewith;1;1;3293
whit;1;1;3294
whole;1;1;3295
wife;1;1;3296
wights;1;1;3297
wild;1;1;3298
wilfully;1;1;3299
wilfulness;1;1;3300
willingly;1;1;3301
windy;1;1;3302
wing;1;1;3303
winged;1;1;3304
wiry;1;1;3305
wisdom;1;1;3306
wished;1;1;3307
withal;1;1;3308
withering;1;1;3309
woeful;1;1;3310
woes;1;1;3311
wolf;1;1;3312
wombs;1;1;3313
won;1;1;3314
wondering;1;1;3315
wont;1;1;3316
woos;1;1;3317
workings;1;1;3318
worser;1;1;3319
worship;1;1;3320
worthier;1;1;3321
worthiness;1;1;3322
worths;1;1;3323
wounded;1;1;3324
wrackful;1;1;3325
wresting;1;1;3326
wretchcd;1;1;3327
wrinkle;1;1;3328
writers;1;1;3329
writes;1;1;3330
written;1;1;3331
wrongfully;1;1;3332
yea;1;1;3333
yore;1;1;3334
youngly;1;1;3335
zealous;1;1;3336
